x1,x2,x3,x4,classe
0.8365607907473027,-2.8499354686639986,-1.3498240897852845,-1.6607355711070635,1
1.418827284984074,1.0601969245374683,2.3530774062290725,-2.478367004223503,1
-0.46846908188837766,-2.8212166833715777,-1.6881721511783798,0.03213172862017455,1
-2.8407841818968183,-1.806974095880109,0.8993066266771392,0.26964888361930006,0
-1.6773562677558198,0.5355941032554523,1.8565827400669601,-2.961007441931634,0
1.8349155109968471,1.1888363699293611,-0.9584969008920488,-2.0671230011293105,1
2.743278433240687,-0.9804327293242396,-2.4435249397191123,-2.419701738999216,1
2.084966198084759,0.6223561882013464,1.8427696396462814,1.3783907201629075,1
0.21736854872820466,2.838694583876224,-0.7287937367498794,0.3122437876393622,0
1.9764279855179687,0.7111185141854763,2.170241401864663,0.46411287154057224,1
1.2274310172895406,-2.7250536980660267,-1.6326103460907189,-1.263672218387357,1
-2.521248138458235,-1.603254681833819,-2.3939914235416255,-1.3321583813394473,0
0.8141066655864009,-0.8110069261794948,-0.7789141972987039,-1.7429578153710739,1
-1.3981330677053199,2.6199275262749637,0.8882123114795615,0.6547860340019289,0
-1.973168110811418,1.3747607877020949,-2.0195850374284294,-0.7232673494541135,0
2.937140103819571,0.8399985591245569,0.3416984626478774,1.1076855059392479,1
2.0571115211388573,1.6559994692774689,-1.6257115682153738,-2.807398536575773,1
-1.1072817116455085,-1.3935547441457836,-1.7341029384820412,2.6574582860103266,0
2.258205758836013,-1.1119327152091325,0.9326319917692802,-0.6262085936360142,1
2.4872855384432615,-0.2468888844756072,-1.4107190010116852,-1.5202349538360993,1
0.36820880497890496,-1.4235503488623884,0.5075159413412429,2.3869373016148616,1
-0.6035969691576164,-1.6840754450563,2.985225638970661,0.057157762058786865,1
-2.4545435269572367,-2.7173017474515926,-2.3421052178960453,0.7646762502185402,0
1.752476186177785,-0.46704019920189577,-2.618833763088257,-0.7102842809607797,1
2.9767282814405807,0.17468607059482189,2.826470265681709,2.1646782134069884,1
-2.931113868343082,1.324330916161168,1.0902622141594485,0.22182198245277096,0
-1.3990488602847433,0.8457707914788486,-2.3306869584247414,-0.3914084959853703,0
-0.2776577620247611,2.722895565126481,2.2551176422691643,-1.4196656954934554,0
0.0035166783017901437,-1.9280887168192118,2.4757670360689232,2.2231114190206016,1
-1.2093312513082026,0.8336969691960308,0.6538212686290339,-2.082964388702191,0
1.5750648004509076,0.2362741807177544,1.6717588717833491,0.18212203317106468,1
-2.996568623232339,-1.0550636579719614,-2.8831395456850064,2.574591697587703,0
2.272331266939105,1.9899931761670766,-1.1549152475840314,-2.6524490010348747,1
2.268057595224243,2.6816966717879644,-2.4860792875927276,-0.08405722010031713,1
-2.5847248891896983,1.5636129915433896,1.5950065758419267,-2.229651213001423,0
-0.14830573140761238,0.2988215609696634,-1.4096602263596454,2.2345982465115446,0
-0.46117235879467877,-1.7292107673475077,0.23577653267675025,1.3795864145398573,1
-1.7930936196618246,-1.1297022521946303,2.970896139965368,0.8992683458367212,0
-0.3713994965129759,0.10545504621354373,-2.2739748247904057,-1.6518159778106558,0
-0.9714866271152678,0.5298523107433999,-1.619311604420538,-1.6786956932906432,0
-2.5740414839458046,0.7866177436205932,-1.6263492971330737,2.4325200780367675,0
2.157812401522479,-2.574855900668079,-1.5719721937860287,1.0138666697776832,1
-1.7145791557773684,-2.20612890764985,2.6130854434840263,0.42625855995170703,1
-0.16397384212923516,1.7077165457445203,1.8449819865998602,-1.8575405138287338,0
-2.4184151146270603,-0.4136929055617351,-0.45852826188047535,-0.19785199177995016,0
1.3744550967591032,1.040187283759809,2.904991268195797,-2.409492773088247,1
-0.5842723073863874,-0.9641843676302209,2.1700352181167464,-1.5080619964782862,1
-1.858746549355131,-0.3083187130012086,-0.46871016099357465,-1.3287291319983572,0
-1.501161312707397,2.5395935956560773,-0.3412155296792583,2.1680946285709837,0
0.30195187469908813,-2.6964700228507126,2.99569481047636,2.016165510479711,1
2.813977543708507,2.5582018980487655,2.0921744064858325,-2.0021333363765157,1
-0.08615324729568918,-1.71751620480491,-0.5937582447032845,-2.6481876001669264,1
-0.7261612861385034,2.9118530626783556,-1.4087816509670883,1.704423611691416,0
-0.26994979596514046,-0.4619550840590225,2.7439058451580394,2.9725361369562826,1
0.33460994043370906,1.3104496517779562,-2.071219048355615,-1.2197530470326148,0
2.8122561898149527,0.4750817448975373,0.25317120824564565,1.4878533622743841,1
-2.6570083625551018,0.5050655667538271,0.01710229751708159,2.116319352289712,0
-2.0554036323631006,2.7646734196467024,-2.519331208556479,-1.8850502341156607,0
0.570210638700166,1.0512753216245407,-1.5887766299944128,-2.280680316317255,1
2.3417238847766253,-1.5227079132682508,0.5671149212006474,0.7162890619926188,1
-0.48465050798476517,0.5020337357473483,0.13669629319175325,2.6082375464185636,0
-1.7744448034587814,1.2971508047364892,-1.5678842843049239,-0.625284919252473,0
1.0301413377598276,-1.2000175212074267,-1.1029368223688758,1.511186954486413,1
-2.564741313041056,-0.25028686428848346,2.990726645126654,2.9765786871305666,0
-2.560435673402202,-1.7210741263977576,-1.408797511497592,2.599556267962255,0
2.2851850421186377,2.275621454907257,-0.7828374675666963,-2.053519005856608,1
2.002469727838842,1.221239550524226,0.6700665943557009,2.923398381789026,1
0.9238579062643959,-2.9530613570870523,1.9026248106927701,-1.2037274868001326,1
0.9803322897964639,2.633580023562623,-2.194253313639794,-2.3074279774853865,0
-2.357784133743494,0.3193418453088954,-1.365910726111102,0.6289789621813435,0
1.305673122832788,-1.7784161260352824,0.8054277533104783,-1.4160965902175435,1
-0.06880888710374045,2.4320189464759396,2.0766222797691327,-2.4462091937235995,0
-0.45854536461764184,-1.33991865616649,-2.978725865473306,1.6267153381177621,0
0.8226802638082775,-1.4282684253939109,1.4473854500875847,0.3100825267583476,1
-0.43387848611592394,-2.94198180234996,-2.5485368395573977,2.298638359800858,1
2.4235714293593587,0.27354173523313374,2.0075701193161004,0.4950573989387639,1
-2.111437286595104,-2.2353268843071676,-1.150449900419198,2.39388893245554,0
1.7767338293282506,2.1642154920054164,2.3935478191588473,-1.7395407699614758,1
-1.5028215646624534,-2.3832382699692864,1.6806974512286565,2.3048082087060537,1
-0.5617356610072992,0.7239690609042766,-2.072679970006772,2.579286094162047,0
2.187634177319784,2.8572361975857774,1.864630319642381,2.2884972279799465,1
-2.8512818286108677,1.4193868305304926,-1.006887192321428,2.5848953162899537,0
1.813410833622834,2.1843841702516764,1.864495899446334,-1.3991657424331678,1
1.7242470548128264,-2.3514262415822573,2.2330006974365384,2.15155950802669,1
-1.6653976947260134,1.8995196335815736,-0.23818059192634777,-1.1688547959683966,0
1.7720729949171705,-1.6344270755533779,-2.8580133917912907,-1.841221270033748,1
-1.030428292813761,2.186117652181718,2.801334624290167,-1.3252500436687715,0
0.8488904316457662,-0.6019296938396348,2.8868981231895603,0.21729439487233115,1
2.6354228419482943,-2.3079494888914347,2.8224036661333676,-1.9285931029652181,1
2.775205894569333,-1.4072018248621883,-2.3495847167117336,-0.39261744861213366,1
1.371270363916226,-1.1179361148300526,0.6372531198368598,0.0685383580168688,1
-0.688827399931637,0.4595282609795972,-1.4716649631685084,1.2527117030050237,0
-2.9898523306882234,2.553450992994496,0.2307119825567514,1.3165799948690733,0
1.4517004670368596,1.0237710265979967,-0.8146711693124149,-2.580157133242139,1
0.985426109467634,-1.0187997837444216,-1.116506129649842,2.0880916770380127,1
1.318525578083701,-1.198066390732415,-1.1442920267480805,-0.5496425482846989,1
-0.5855976776536522,-1.226068784844318,-2.2362732056450807,-0.4773219973625502,0
2.642182024381098,1.0639076716363975,2.416833274395496,0.6930894957082829,1
-1.194300752606608,0.2876232788141895,-2.997564361816275,-1.2785176987864368,0
-0.4206711000609924,0.47990868717409185,0.9282337422184295,-0.21007085851791452,0
-0.34704120417115547,-1.7177915940653983,-0.16088288454404243,2.407084954969525,1
1.7761485607606815,-1.9818516228116716,-2.4912267796492698,0.09271205949129868,1
0.7976451345947746,-0.9888704675411946,1.9105407872199853,1.5068288252443933,1
1.0367740233430025,-1.6521560040162704,-1.8052204036405401,-2.853447673639042,1
-1.530944735529899,-0.149181934687169,2.098426167748391,-2.563030624892585,0
-0.5133539340136837,0.7785922844262823,-1.8333885795617442,1.178125502943029,0
-0.03373698593737817,-1.536093362529367,0.9363480666707042,-2.9667310911718094,1
1.5057868597108373,1.6202771314441504,-2.360476220618766,-0.4491228363435953,1
-1.94467990976081,2.7477962536772385,0.10774650266244468,-2.6986896891561543,0
-1.50481032204017,2.0900180841099587,-0.2612290471789649,1.8084996103335866,0
1.005466395518119,2.9273547183986883,0.5727139108165185,2.700237650658936,0
2.348555554862622,0.6759139365705771,1.3156437676558026,0.028668988946411567,1
1.9834150183284898,0.2872317036649701,2.3832486193995734,1.4619326529575094,1
-0.15195337906168005,-1.444850709209884,-1.5165615749420427,0.8259686206569379,1
1.5948821057829932,0.12779887696789238,0.7604906218906877,-1.3524153184947703,1
-2.535099876811585,-1.285631094821085,-1.3697093575068924,-1.0817425894874262,0
0.2409133351107382,-2.1697556309030657,-1.6124311216308793,1.1636988737943135,1
1.2385148501673129,-2.6146268957167313,-0.5544037820004797,0.2556668430234921,1
-0.5053545953810641,-1.7589936629135385,-0.47913889335944626,2.4290308700410614,1
0.5044764852253509,1.1731379189878082,2.1403921938236055,1.593567456708417,1
-0.7177138264337302,-2.9646234984960413,-0.8894471839690521,1.5208507503563151,1
2.120687703414628,2.720582030820638,-0.48587230422106886,1.4850940138683049,1
0.2767938584030345,0.6195155336474478,-1.6767678340570866,-1.683470192271383,1
-0.3849841437201804,-2.8258510803197083,-0.9832227378097054,1.0748513101700983,1
-0.5740999851741773,-2.009731612778947,-0.1956591046061389,-2.2342332163130356,1
0.7335417658443881,-2.8382012885691736,-0.6358784619617719,0.3863518981486447,1
-2.8373877219581254,0.8564978880560146,-2.1858030766166143,-0.22980933569092965,0
-2.6982921990682347,-0.7253768148711623,-1.7300382947311108,-1.0389251707121487,0
1.5673782473641626,-0.7252427066151821,1.5120589413287089,1.9915457109316357,1
-1.4863708093057164,-2.5085626034301445,-2.883700277699936,0.23651428753520243,0
2.9994469710552556,-0.9002379376788965,0.9008645594992499,1.6873982976653696,1
0.9105279314633368,1.525399224357157,2.6976703962959334,-1.8038359058248026,1
-2.877719896078006,-2.0857059252912578,-2.2426741507547625,1.0167530677194643,0
0.3838174915801149,-1.6922127545609782,1.1967898274769047,1.6013885901374447,1
-1.9932651397931864,0.6434849633455899,1.4875539117317151,-2.3128027717266137,0
1.9158070458665106,2.788324638204526,-2.3514075020543608,-2.845929447015204,1
-1.1282565336318289,1.0640837211024525,2.7490370292353754,-0.6200733509002361,0
1.29008823029681,-2.5440211329416402,1.1436864955978816,0.7634543736062667,1
-2.388592167324141,1.634885309707344,2.1017594345327772,0.6024696889010648,0
-2.2736696095961095,2.9030661090880283,1.6958120781661172,-0.9167774081493061,0
-0.4297319205915331,-0.7765747426916629,0.035764738062467494,-0.9526129508323011,1
2.097453761997464,1.9339855085403483,-2.3667667761360085,2.7647254032874713,1
0.8135106366086755,1.9722438660147494,1.2438518622364612,-0.38707712995393795,1
1.402771824080351,2.7928423874284665,-1.379505621675595,1.8491953128405356,0
0.2290374386895344,-0.09901497670082327,-0.3865530419766343,1.386157285830734,1
-1.389626771704648,2.1102789601159913,1.9843861133436205,-2.4800226116659534,0
2.289787104016632,-1.536819364854264,-0.21174920038060963,0.661990225383124,1
-0.726064175230416,-2.8278000133794627,2.1057170178747544,-1.9089608570538492,1
-1.727280898921566,1.786994140968579,-0.9579669410142984,2.2819198785493526,0
1.2071025019932096,-1.3423885454628905,-2.9390933133679376,2.688375466662187,1
-2.4863222282518724,1.320447984625166,-0.06853291890727586,1.548987920894799,0
1.143656036679138,0.8754173984457134,-0.05507198952848302,1.7575972087939045,1
-2.44167989667197,-1.670421597164819,1.1507229317712113,-1.1627638192194696,0
0.48933351199420283,-0.16043706744285124,0.1855315868746068,-0.44697712376871124,1
1.475612620281658,-1.0152522168244191,1.2171296531146139,-1.374501438142822,1
-1.491577942794351,-2.276064691486165,-1.8444942392908956,-2.282671552469683,0
0.21518379230249884,1.5731376569046178,-1.8891009453740282,-1.701692160728366,0
-0.09480847672374804,1.3475100065583092,2.8596421372983407,0.1478212146516471,1
-1.3020077803502699,-2.3968433514552556,-1.8352945314535594,-1.6351010191046718,0
-1.92335073788758,-2.915109796463617,0.20481053560597973,-1.3541320393003962,1
2.845769586616427,0.3201538007916498,1.184504357461167,-2.242323042249547,1
2.210767183577664,-0.05472783285732685,2.236318409991208,0.4443853177579937,1
-0.18361833041693876,-0.3571872111839385,-1.8938179776595097,-2.6917396968985328,1
2.6463815806086197,-0.13362487640587384,1.932693871796582,-0.5957553464883611,1
-2.5555069784661613,0.7766742417119898,-2.6783455542448014,-2.1048144931580692,0
0.37703758250738506,-1.176986928946634,2.9635087362613213,-2.2892906267312307,1
1.5866606719571656,0.6379059074577764,1.7444449790605168,-1.6458771776097922,1
0.13543521078130727,-0.29691321066747456,-0.3436739758840299,2.1609999949570806,1
2.940187562800787,-1.1677185340838376,0.726163926432891,0.6577854734707822,1
1.44053583290727,2.685541201952268,-1.753272565058692,-1.733848828167642,1
0.9625688231522198,-2.0576574397147374,-1.9571187100413932,-2.5496107865929925,1
-2.9839456643826856,-0.2969777722937854,0.5628671707173796,-1.2524442658138344,0
-1.611142592663845,1.2417349792741996,1.2179253485623027,-0.27581204155774053,0
1.124309520427456,2.543466266895292,1.7269681598803883,0.7503480429853315,1
0.9670982571202069,2.602010750673079,-0.44916620337473034,0.267374272263472,0
0.8858083404148847,2.4504686712756367,1.9597869579003575,-2.571540978865115,1
-2.004463264675652,-1.1543291243146048,1.4937463324177394,0.4152422959145543,0
-1.2683364701649495,-2.2538780509517506,1.1320679472725619,1.198402109854304,1
2.6560574444642446,0.0028330627075536796,-0.03722868392949419,-2.517348888604194,1
-2.760835294898322,-0.40782801503536437,-1.0660704998502002,-1.4977925855279766,0
-2.4520386802140886,2.7714666131570205,2.015751683437088,0.4511946553195827,0
2.704717666838114,2.997434501264708,1.033689505819435,-1.3829338441976766,1
-2.758609961132303,1.537612982475343,-0.17699506049019842,0.9090569366021182,0
2.4964367275606048,-1.9110651166612445,0.5119777516671262,0.8087083167245215,1
-0.04964518685391983,-2.452545562237037,-0.9122336622320972,-1.000149638009448,1
1.0208010571271124,2.146398566402116,-1.0211780185262076,1.1620420439005947,0
-1.2706932278312655,2.6711612373792635,1.8813962084278355,0.3005796538306975,0
-0.27104454838962333,-1.1128970569789924,-1.060357282344032,2.821108360851463,0
-0.5749496579955262,0.08757751397463043,2.9287152886905243,0.9459623188987738,1
0.2555615661431698,-0.520514575204071,-1.8745047516328373,-0.8293238450899487,1
1.5386589243334425,0.7524524528700538,1.5599432163661016,-1.7786505698983568,1
0.29531783451199,2.5660365650666863,-0.3713034295657307,1.189500174733034,0
-2.271443499824281,2.838880894930166,0.6532300024917896,-1.5642152260340978,0
-2.0497310171686056,0.30503404201602,0.31350845432239804,-2.4407447923108645,0
2.9535428363713176,2.4775792709050073,-0.2313126349272996,-2.2952031054626545,1
1.9928590426134072,-0.009746971756828593,1.2996199559507469,0.053232090417070665,1
-1.3594506197203549,2.008343673460166,2.881467795620253,-1.5376145635491698,0
0.307590461282818,-0.6984839205171003,2.5312088995893713,0.049445349557363905,1
2.2759575308788564,2.1841616065715286,-1.3425155830677542,1.7400370920186807,1
-0.5103454586919289,2.6054903620951206,0.046426054857938936,1.92329683911347,0
-1.3029661003030402,-1.2086649013693969,0.5216263344849663,2.993413999376033,0
-0.06215792006579424,-2.1084274897032653,0.23148346622324212,-0.929256349841955,1
0.31150450242486594,0.26058037775203813,-0.2679322988009938,-1.0693358986257755,1
-1.8680857577573675,1.184990565723428,0.43078585190940677,-1.5986253236526413,0
1.6532668505955534,-2.7381162054161887,1.4682309093911758,1.2313672861500153,1
1.8684534153892614,-0.683527485054106,0.982132976907208,1.9244853102573298,1
2.88490883195871,-0.0280281023014588,-2.777882331926543,0.01374690079779528,1
0.541082575857402,2.218201880173293,2.2451422443258497,-0.3581627413759372,1
0.1557065208453685,-0.2584315531545469,1.3346629654238562,-0.5401282815218136,1
0.9286879585664027,-2.073832687370707,-0.18305639409160834,2.8152217834453035,1
-0.9686325956914099,1.1562275915212918,0.8990199154756358,2.1105917541041483,0
2.1140480193953586,2.1560531050095992,-0.7199436148640697,-1.100033076399602,1
1.3123045513378981,1.556410856006182,2.2342981043912182,-2.7846054009738808,1
-2.5894755169106913,0.7869661011278435,2.52557459268178,2.9845555377372923,0
1.4805982004275613,-0.39617116846124567,-2.409341241700812,0.8024869726847479,1
2.2354753956425437,-0.33792869002976555,1.1640069767594072,2.420544372302916,1
-2.7240541879367237,1.776860790973271,-1.2397933442087472,-0.7509534613481108,0
-2.1265812258036094,0.18699790889256018,0.39556837149562085,1.7551168432857196,0
-1.9800981055914157,-2.526189896040032,2.225037591869129,0.7182622112244923,0
-1.5550212488621218,2.476974096141329,-2.141293679228942,-0.2331005198700149,0
-1.4761359635187463,-1.4680397510450758,-2.9436154112707738,1.827798461850878,0
2.4072565415932985,1.0656653141944767,-2.0521462675692783,-0.3496212983771132,1
-0.92660625334151,0.5254302307585288,0.8336322141600729,-0.45414636923461416,0
-1.4994106535537925,2.0718235508555924,-1.804698005346646,-0.691840506195927,0
-0.10075163364470363,-1.5767657884345523,0.4315361541044336,0.4488715810718702,1
2.9561522617613853,-1.2286154767003838,2.8676669074611763,0.9493788955720843,1
-1.3531177189306336,0.39557410173419383,1.1147969564040725,1.4680130469919508,0
-2.705734495344,0.6384389584588472,-0.019636280856778043,2.4249317453623522,0
-1.2828350912448332,1.793160717045592,0.6423899889855957,-0.8860742649881006,0
0.8197072680353514,0.7253469787818245,1.0665867517401564,1.3255702600242536,1
0.9550892419005219,2.030022701775099,0.7694886221213899,2.4204222244378073,1
0.8780436533431368,-1.1464026962841836,-0.3550608590231308,0.4774428322104165,1
1.39415860763543,-2.459199745522686,-1.2293372902250683,1.484885189630229,1
-1.9461595773341602,-2.2070412135192985,0.23644655390652636,2.828937487268039,0
0.18511424221671025,2.4809218468901815,1.9828357174043845,-1.4581794926204261,0
1.9481388752544433,-0.10891302075755283,1.838930962762599,1.47935610430227,1
-0.9677084771886824,-2.308981755301444,2.777359757213265,-2.1554579099647038,1
2.7990012567765126,2.160843581392931,1.345300272453109,2.879653456691421,1
2.803618483800194,1.8275258641233716,-0.805349703566602,1.7440918115336252,1
-2.916488069394593,0.21943384961435441,-0.271283833596752,1.0369702912425218,0
1.0340447841060794,0.5073605499129963,1.9345038073606453,2.6417513506773247,1
-2.349923386804616,-1.597068586730501,-2.849852102121106,2.3054090712891133,0
0.3684442934992731,2.4915354524589564,-1.6717967995560599,-2.6206977530388276,0
1.9431321083426862,2.4563258305673523,-1.1868589528244986,-0.5502248652275235,1
-2.1613379249566735,2.6775691972916773,-1.1738124938639687,-0.044252286130764595,0
-2.4168480082690706,2.3235558511710135,-2.186015707761981,-0.2781374586666443,0
1.0229173131010274,1.4588407291390295,2.6758445146765926,-0.48523947951166324,1
1.4536140885918947,-2.0728625855409897,-0.5106928353791584,-2.4058701917368293,1
-0.06391777326231285,-0.5513046858137969,2.7091291522863568,-2.803702278869719,1
-0.7768202475933874,-0.3397014836357899,2.703331019108562,2.1327011598357277,0
-2.403872252363218,1.114081592887712,0.2667951688928696,2.867055176712281,0
-0.8479569527260926,-0.6111621435337615,-1.8611486270335227,-2.2670416854764177,0
2.088199130782086,-0.27169578857689736,0.976612428371868,0.8502268033993055,1
0.5828757571172707,-2.8718552715817762,1.7207675427277005,-1.5385866170158582,1
-2.2444566881517427,0.3874678554477802,-2.5883390830538646,1.5909442553315065,0
-1.757055777920049,-1.7042918884879514,2.218172560617268,-1.0286426794066175,1
-2.1146749203513378,2.4031862137905495,-2.982986691119902,2.1504367582810584,0
-2.131872118076952,-2.220047211339379,-1.496074819631257,-1.9530172745916392,0
0.9663458555839011,-2.8453191012828096,-2.910838036615747,1.7399079854085233,1
-1.5724103634572217,-1.0573712282278653,-1.9545227915629368,-2.6856058928329407,0
1.450308341724897,0.15651315958720247,1.473991650203974,-0.14252420746049843,1
1.6681022358852164,0.07942774565514998,-2.345675939976927,0.023032138714928152,1
2.672493857820638,-2.73980977860497,1.6993619758822778,2.2018854465590296,1
0.12870728827850453,-0.2517448674139078,2.784157098732172,-2.635047555032965,1
-0.12610853400982025,-0.5902964729246372,1.116584976373396,-0.05838687513464835,1
2.458204974691376,-2.5590557054012972,-2.5152571355352484,0.6497845418006398,1
-2.6059066000793165,-1.3499040026522808,0.7984603458060926,0.29013860429016347,0
-1.0488873400879923,2.9677665351655413,0.1833410245879472,-0.27770749454717025,0
0.6325607492118772,-2.404929229925748,1.2106765112763966,2.1167564237734506,1
0.9054999892878324,1.6137763806284315,1.3250394999455946,-1.7098616020350186,1
-0.2906705042083111,-1.6290385538124936,-0.9664102869889488,-0.27900658255531585,1
-0.5040620984310284,-2.429484964346215,-0.43941596243425174,0.9906471783618533,1
-0.754193859386779,-2.0841664513876577,2.537910214406306,-2.5972001511801137,1
1.9906313308491272,-2.4406193897779356,-2.4206134046052865,1.432775990932294,1
1.870615711664354,0.33822441369210043,0.5187904964368615,0.3695184839524348,1
-1.0221241115027697,-2.2666122878726442,-0.878411522197394,0.9920431200174926,0
1.5017055015088694,2.2085528932143896,1.3263640724768964,2.8103917518688473,1
0.6024605473480622,-0.8901228858411061,0.46751111033912895,-1.7235671659679634,1
0.9404178179289127,-1.6545307853546065,-2.3506897084364002,2.0722405116080704,1
-0.794633696307899,1.5756337916210983,0.4446000259887759,1.8433282269140658,0
2.070930967970149,2.8472796127542495,1.9105611572440182,0.6814396832127887,1
0.8561949829789883,-2.8424770112784996,2.574505745969619,1.9767647397579777,1
-1.3953136490753362,-1.9175035682348736,1.216192637193628,-1.1460918670205391,1
-0.96105205933645,-2.963365263578048,2.219176239218629,0.39792656856825737,1
-0.5952939360029066,-2.1487520750923883,0.7990320759330829,-2.8160574097145643,1
1.4766705720342408,-1.7092027197989343,-0.48100503741298084,-0.9546241093840031,1
-0.7796814451379763,1.329575806456039,1.6610137198004455,0.4055613396863835,0
-2.4902577601369242,-2.6843470414468693,-2.055540617357081,0.7070290915561834,0
1.043812263678678,-1.3673829387226863,0.9716321568495676,-0.08602977065402229,1
-0.3477348798133253,-1.3609989338113833,1.5296588620102245,-2.3170949513387895,1
-0.4205181996126579,-1.300521179517304,1.0709175285607984,-0.08020347981449483,1
1.0027953524180973,-2.7274958243734346,-0.6284196234742261,0.5959497416667023,1
-2.953877484600703,-1.1914838278893793,-1.7325961246781263,-2.1765911684560377,0
-1.4668829758712443,-1.0312658643729533,-2.9536205605841284,1.4820847405786068,0
-1.9458311887449462,-0.7187553257085826,1.2220275802959817,0.001574079337278711,0
2.0001252145192696,1.837201119400583,-2.567547020447053,2.170586172135531,1
-2.7461864306232515,-2.8875507804861256,2.5269746070144743,2.172660081672398,0
0.45455496442098653,0.4403980853150582,1.2569937694136053,-0.4938362409391166,1
-2.3089597640172106,-2.8748606458515074,-1.051390923326917,1.8079329258627128,0
0.7087515798254413,1.9921554784302433,2.5186185104483076,-2.471220712212692,1
2.066906158888182,-1.540101151063598,0.5332277298174715,0.14377525800378965,1
-0.6253998188440022,-1.138352628984832,-0.9629203131092163,-1.0015882650412082,1
-1.9912037517258805,0.06289970725288985,-2.3158401609686847,0.05971237393783202,0
2.435536389480303,-0.9037484071657182,1.3642746340434257,1.9136916091491116,1
1.890222034500085,-1.5823869063196543,-2.1213346903338337,-1.8163691830561004,1
0.6143939116389951,1.5612917732813525,0.9330540631124347,-1.9371232263166251,1
1.6370885354853613,-0.03529784989566842,1.5266749514819145,1.5592628976464908,1
-0.30656845802962174,2.5449255503139563,0.38695070041679536,0.8117899143635605,0
0.747130676651369,2.1854812489884967,0.7633044413986307,-2.094255591641539,1
-2.5902824490254632,-0.34675161698229084,-1.1830773891659225,-1.351957995083045,0
-2.6629672787215317,0.04402131173866897,-1.1375528963621344,-0.288516817795907,0
-2.6586596949962855,1.990179789978729,-2.53961399295927,2.1855002035514346,0
2.1317602287365416,0.6900503304934418,0.042406904003730705,-0.22373004643636651,1
0.3258982280298235,1.7509067835921508,2.3752605933408155,-0.30159777809456223,1
1.8588955061878263,0.9110247278916592,-1.0708394227174298,-0.14622583234158304,1
-2.094833539826169,-2.6287577993933957,-2.37898873637765,2.394761003734641,0
-0.9393733449703943,1.285893295004776,0.02729400900574408,-1.9646465313818104,0
-1.5135376584102946,-0.37345035414460215,-0.36346924942425396,0.1364882115932735,0
-2.0475227521107517,-0.7628881073920377,-1.3026385283134927,-0.5473836165160781,0
-0.9697971189514827,0.5873151742979368,1.7353615893819887,0.8838321418158417,0
-2.604528874321695,-2.4329643149094338,1.070276069040486,-1.2951181567313177,0
1.3424019300147707,0.9393845184628677,2.438056182982063,2.239677972363233,1
-0.9998277836366603,0.49643708751851756,-2.1514297164940928,-0.9010752747849349,0
2.8061790461564673,1.1908797768712862,-0.6482520939878382,0.5702473689094489,1
2.628013197394565,-1.1425086755042344,-0.7399241636621987,1.7499717471812613,1
1.8791087028888054,1.0206983999683352,1.973753837366787,1.4326480327768962,1
1.1124866416654573,0.1583600384050441,0.8761489244009271,-0.45956180206737773,1
-0.8290314219192925,-0.824413986107734,-1.9184224627389321,-1.714844032746598,0
2.686009605206081,-0.08237447476363613,-1.6407417207966766,-2.174607880937524,1
-2.5370094941947423,2.0665703321153,-2.3931554179926353,1.6252483221786065,0
2.0107189598073356,2.3020929929553695,-2.7735150458546327,-0.9794137682143109,1
1.5978456266834495,-2.213705751422952,-0.7396807750648522,-2.0265167274692972,1
1.9880703401347528,1.6265868823859302,1.8542623178358069,-2.006765005535648,1
-0.37395956916991935,-0.5348483310207994,1.0581775331311976,-1.5748187913184497,1
-0.3348077411683459,-1.2904324046198505,1.4912191085726176,-0.306432221799958,1
0.2040668981895668,-1.1431926206232623,1.851743226544718,-0.18590636980648378,1
2.0106803563542446,-0.7929542506498031,2.682781021464738,2.9066387611894635,1
-0.22992012935406514,-1.3093696037773475,-0.7087653948557371,0.16475873076889602,1
2.7976089192356834,1.9013474374874404,1.8075553449092858,-2.169608792379413,1
-1.4999807304659576,0.847074217226683,2.2447016703134217,0.32724447254658706,0
-2.384461609509544,2.075353660400631,2.1069962885086726,-1.2896219156440294,0
1.5787009817501456,-1.3632522024518603,2.431837253869447,-2.115908064050374,1
-0.37516463883011486,2.678479578070564,-1.6677719585581163,-0.29323205867574664,0
-0.9024895311681065,-2.839978855182369,-2.6804586769735534,0.012042688159412673,1
-1.5853315568194042,2.9671521074297473,-0.7505239594933943,-2.8308747268311,0
2.5849554284997183,2.035057725669634,0.8997641057650898,1.748283824893056,1
-2.1744024736447702,-1.278723616120391,1.9785694989169356,1.1764319314559017,0
-2.167243849090883,1.2332170517344823,-0.30839115610652046,-2.9684928101662926,0
-2.524645372375672,-1.4644564293777318,2.0097785956942857,0.2928254726630124,0
1.3634087119495906,0.16662903532034568,-2.3328788380545697,-1.2713905317646168,1
-1.1930928324826802,-2.7135033202868923,-0.4810467374793417,1.763394651836629,1
-0.25731830018130797,-2.33485262825991,2.430881313971991,0.5804342569136818,1
-2.9013878867646334,0.0922543812564367,-1.54837119347404,-2.1385389585224397,0
-0.42456664137999756,0.6888574966557037,-1.5566145671607388,-0.5005944287487614,0
0.9862278104520543,-2.486316270076429,2.84792694571333,-2.5939240625469235,1
0.15635667193302316,0.043966179478719614,2.9299889135788044,0.3249117145091729,1
-0.6572776046396154,-0.17918953104908386,0.8140247488117804,2.8862365353093615,0
-1.4780984335847236,-2.9025466133463143,1.731120097677092,-0.9311850410196523,1
1.3976461287038502,0.7695417748539386,1.629008244659154,1.4111219088738673,1
-1.0048883497680907,-2.733985870228751,0.2760824712461494,1.8810531933365287,1
-1.9494652376897494,1.6748555608696893,-0.21226260151777332,1.1723355119763834,0
0.790415086550027,1.8689860910856382,-2.6213967778066523,1.6571423982205307,0
-0.2539225353158807,-1.2393445729498125,-2.7371623460452614,-1.80318099770887,1
-2.748564348417708,2.600225879702384,0.0923015355269925,2.9347362137767403,0
0.2581841859251153,-1.4801174087842957,1.5197455129131896,-1.8533794155965346,1
-0.8581549437878193,1.6850494018705504,2.194789662468345,-1.0084518817119328,0
-2.2531499505336994,-0.7918849541119619,2.336919102073688,1.4598462331177275,0
2.3678249697303198,-0.680131390435847,2.842341505891854,-0.022780640777864125,1
-0.014859645038236113,2.5458627997617818,0.11565512120965193,1.8068885244106427,0
1.3624879460558148,-2.5264379636671928,0.6147197929813633,1.9340476772393203,1
0.2728463840678219,-1.0727314307124358,-2.5195865335500285,0.9655153287488201,1
-1.1610248634554852,0.6157297663835988,-0.4433035627017272,1.1385888506729174,0
-0.8907180973680475,-2.745869022899223,2.220223050338353,-0.8846441381491061,1
2.988903586638294,-1.3526678395508545,2.880163675165675,2.687426271618518,1
-2.5497530100710444,0.8250752272997897,-0.8201332160941064,1.8065758533730198,0
1.076463646888139,2.7167363776776465,-2.1433231898247014,0.6454374199251323,0
1.687871818460799,-2.7912062052087476,-2.596599821627347,1.6710922410411921,1
-0.8020291613571087,-0.702873589867334,0.4034678503447169,0.630568973128713,0
1.0743723414803696,2.6929411755933383,-0.7679197291758975,1.5785068307914774,0
0.4435306700033741,0.17675928921773787,-0.6117957242853,0.8973644202361895,1
-1.5023300814396123,-2.3193083244898918,1.4140491568765663,-0.0057362384611989725,1
-0.6780757197644194,0.3700362645578825,-1.429339940475025,-1.4382613731605798,0
-0.3223613255663027,2.978190672928564,-1.286538733811052,2.498873457251288,0
-0.052798828474655224,-2.264175468576175,2.116957742305936,-0.2877438885276158,1
2.392074184717382,-0.32933284354527004,-2.4732555533716134,1.0915755615038227,1
2.0731273138481967,-1.0824733674001792,-0.9154482315686128,-2.6103655301035733,1
0.25302816735337386,2.3479900941233334,2.108172304518755,1.2708546240432756,0
2.563946740339066,0.8262001353840978,1.7621783030700167,0.052534471045804665,1
-2.2718252695292587,-1.7941177729338855,-2.1667387677698056,1.7422383648464947,0
-2.842295839150406,0.32412862355757044,-0.7865330069926757,1.8219703577315185,0
0.30988160355856476,0.6716901757231253,-2.4827071100884037,-1.144255694829227,0
2.9975702636063213,1.3132179593443167,0.15417392898180093,1.6149873022481884,1
1.9400363970503438,-2.5574957225325656,2.834278389082595,0.854031536318288,1
-0.30015302602202354,1.0806539438974863,-0.9329113157838016,2.2677609099024707,0
1.6815775730298501,0.8387635761999781,-1.9082211806871758,2.7975876836046405,1
-0.4042902811081506,2.464273625681324,-2.6675228998933376,-2.2550332761659266,0
-2.0819071991387963,-2.0120575206592552,-1.0640354930726663,1.2559927951754748,0
-0.9238615059487616,2.6454243295892086,2.3695555009267464,2.075602236935193,0
-1.4963681461080056,0.8103425483264752,0.3050484928988384,-2.248978229238584,0
-1.1830523633467436,0.20086817861028328,0.015438868447576137,-1.988184589513759,0
2.649641927211575,-2.074834398722621,0.9523972403025258,1.3237966106236376,1
0.6308334471711325,2.0551800246803342,0.3817082065877746,1.9514176039597917,0
-2.829759072606734,-2.727229180251948,0.8487224029461604,0.4606273888642747,0
0.9067798649135992,1.6017540054978667,-0.5004792980205228,0.8339471532532228,1
-0.011771639183303595,0.7629840617885062,-1.2619700591903653,2.73990101972643,0
-0.10233109094748327,1.828128925294398,1.10994504717406,-1.2153967714215461,0
-2.5621618469679253,-2.6405218023919863,-0.36236700047753434,-0.09449321935584454,0
-1.7758619186196078,0.639961576923818,-1.1245050045184017,1.310177310674625,0
1.405198528827281,2.164664194525952,2.8522447674892817,-2.2154030906856814,1
-0.7767588116982527,0.36990729449021487,-1.0853046815810565,-0.20116459775618134,0
-1.3951699532749056,-1.5124867048467263,-2.4191300846365715,-1.258727970180591,0
-0.6951009989903638,0.6922646649838118,-1.5103783177128804,2.1918450103243057,0
-2.0418020272190343,-1.0353850751928304,0.4661222273615788,-1.1237104748263618,0
1.5787282508317713,-0.010406747640547387,0.08834903538890693,-0.007441749614074844,1
-1.1487571076734242,-2.860942210701894,2.6713968244154236,0.032666778142629305,1
2.8001197833148526,-1.7091334648425534,-0.8826294668618679,-2.6967575722326487,1
-0.030634778848941835,2.294036858209207,0.9255602213377028,-0.17647887979082544,0
0.2201444957335621,2.083034192360807,-0.4144333839147567,2.294734385511557,0
1.3650483801563515,1.5831405849719378,-0.8043758848946219,-0.5965102739114605,1
0.42168986328617564,-1.8320681886736856,0.31933755972691014,-2.558809501542949,1
0.025533174739228226,1.5864246882434374,-1.321675934256108,2.934544203724336,0
1.0823918407131643,-2.2871338816584625,2.8504968924827043,-0.6365777236283572,1
1.7693833702856745,-0.9654882002846081,2.6336914017322526,1.529791033756764,1
-1.8056527106853002,0.0547350973510925,0.0004674214238633567,-2.7281798851975516,0
-2.1777817585948775,-1.0017557678833968,-0.15753509762885987,-0.2580686443027562,0
0.637563134422825,0.09303439288352333,-1.0322049141808425,0.678408726388068,1
-2.024987724738364,2.9436944253668402,1.4359161634416253,-1.2045939448300904,0
-0.9817592870899299,1.969736315744255,0.19403897925525815,1.252438838612627,0
-1.2012566115755177,1.894492999462945,-0.7898531408053824,1.042838354838099,0
2.879388187074971,0.5022128510927182,1.7805288835808826,1.3519452753111318,1
1.12826190721663,-2.840117070217001,-0.15245871548963663,2.8024241770323055,1
1.6974239485885283,1.6569721510324324,0.46580637518509693,1.3284006737778409,1
0.5011396622858397,-1.976927629520044,0.7741514468721817,0.7184148330065367,1
2.047002749749586,-2.1133457501980093,1.084361370304073,-2.8105769199474038,1
2.6892310247058084,-2.340626871997819,-2.8863757949603244,-1.1178450993248688,1
-2.0914124512839276,1.1430015655111525,-0.5377355440637697,1.649833810842546,0
2.5231256993832645,2.236906253473922,1.4150236276120882,-2.6263122839134083,1
-2.1715050852887385,-1.7559497701725317,-1.0497027934436713,0.9733607982860946,0
0.15286290840021222,-1.1174844075730972,-1.9609054568560336,2.472744965544062,1
-0.9460378939089233,-0.8742780681311233,1.6319387048924447,1.3255473679637557,0
0.859854599996769,1.1598798601789255,0.6604594804725092,-1.8464149851797196,1
-1.5208851868358377,0.34851990484442474,-1.6507977720430997,2.837463765543414,0
-1.2143126083385527,-1.2659751755788504,-1.7563332308721584,1.2299295584411807,0
-1.0977555298893118,-0.9071809547921603,2.6022022486248035,1.7724321360140012,0
-1.3592547794674616,-2.2687553656037096,1.0597334746952747,-0.7218348877537051,1
2.8809632239281733,1.9102647607833738,2.727653180348768,1.8276950037394215,1
-1.2572840880423866,-1.2742179503151605,1.2848477249903718,-0.921818915426301,1
-0.3457433288109879,-1.4613361471591075,-0.12552442190110114,-1.7875919567964211,1
0.23146754225191657,2.598143602699846,1.1770278038809359,-2.1763622711944626,0
0.6940622064869535,0.5209829914248907,-1.5452517695382793,1.0190037893586243,1
0.1862489383967949,0.827667440451826,-2.6850533589632235,-0.520191803710448,0
1.304148337501462,-2.3967305713359126,1.6245963485896748,-2.96891132155722,1
0.3021153946777,2.5745980810198663,-0.558555290718699,2.6101925915769097,0
2.270397729085369,-0.13530887735462116,-1.80326415199439,2.7834842333456145,1
-1.072993787285,0.8753875073416193,2.4476217524137347,-2.463235676930902,0
0.44480011905223993,0.21091366136162826,1.33870606945454,2.6200162785037566,1
2.479378354019115,-1.9496113471142213,2.293469838988999,-1.9452677547668247,1
2.517808871105604,2.9830308185310592,-0.6180325543302021,-0.02769661606945295,1
2.619652468666577,2.7727882805000545,2.556238187378658,2.2604590075075404,1
-2.9443969891194013,0.4077712119869723,-2.356195855358772,2.8979633302260384,0
-1.2926300858997224,2.93459682053234,0.2598029013418497,-0.036525477949084895,0
2.6313630104452344,2.1063584314679797,-0.1918753859622595,-1.8431316103571413,1
-2.324119433879073,-2.025034424761568,-0.24651317380583304,-1.4564107186228854,0
-1.8828055852315937,1.4197073729535417,1.7446059865515338,0.4066873345256359,0
1.5436965015453676,-1.9470305169692117,2.136879025640747,2.3822565707038503,1
1.9619389516578574,0.0916839537587757,-2.479573380909865,1.0155351204597256,1
-1.8913127937159602,-2.1563287461942093,-1.0583899794895033,-1.51171749799713,0
-1.4352883376073369,-1.5868724831907965,1.5225399106887423,2.724208935929475,0
-1.1883249618503118,1.3372951704059846,-2.931385594834992,0.9221002024211922,0
1.1566115425364334,-2.6272540091967835,-2.2906509131761643,-1.1591619479782813,1
-0.5675003221896162,0.015122827430337438,2.370710218897525,1.2213422106135354,1
-1.1341323096920382,-2.2955055249313423,2.496782315103812,-1.2297743990625192,1
0.6877526888630943,-1.6852283943879365,-2.1985873068191752,-2.0808866118649245,1
1.4864090229051392,0.6344336885344162,-0.504926307412652,0.29540705291018865,1
-0.1750315387241308,0.2251061261592051,0.9845666360379832,-1.6895302640560443,1
-1.5152074241485336,1.5284372983491918,2.2388103509264,-2.508778161160351,0
-0.3195121350211001,1.2225967509352351,-2.531383667115359,0.38501233364084886,0
-2.629451714659897,0.28589549226558875,0.03292233655557464,0.4362100453671882,0
-2.100885711705514,-1.0312941735467611,0.12204924710872245,-2.3025598668920146,0
-1.7675910867638307,0.4988860706461056,-2.454350133289873,0.06225212419700732,0
1.8521524990634228,-0.27940619892130814,0.07948705920984889,-0.259209145728744,1
-2.653579314404851,-0.22573016556645786,1.8414921153263553,1.3396804789500134,0
-0.6243077402804551,1.8987193555987831,1.4748268969908942,0.46986759035421244,0
-2.7282611836330273,-0.9328268006271925,-2.617440527327501,2.9647419628615204,0
2.6074967933096787,-2.5858851230381172,2.6026533755095844,-2.809590773861526,1
-0.5467983850845104,1.6138323755008965,1.5949660975422706,2.869999709544606,0
0.875284908582981,-0.4778283667060328,2.957139591485274,-0.7051222868917675,1
2.2177217118642503,2.440603869147435,-0.7461267971880741,1.0963821246092484,1
0.9707552287528087,0.23580158351316127,0.9212045905122119,-0.9133806771650983,1
-1.92915822597533,0.22355091838800734,0.1730552372640557,1.3671488454367688,0
-1.6638587042024011,-2.979160230330553,-2.8635880360682004,-1.209822067782109,0
1.0409991466594022,0.26667203415012475,0.19160165098055248,1.9401626242547056,1
-1.5149277689773466,-0.9230415900742397,-1.3461016332292361,2.6244621668104013,0
1.35014367545351,-2.3229321674011363,1.8568691012351666,-0.48455640904948716,1
1.59632080508342,2.3025397310722475,-2.9061252218187024,-1.763510268898715,1
-2.3946197214449576,-2.7985423454743152,0.586709380389316,1.219717601189572,0
-2.7079420725375054,1.4432464708791697,-0.5864078951345624,-1.5939643290746301,0
-1.6963847389346796,2.1823814560203383,-2.6613357898532346,0.023375093645607414,0
-1.264419291876487,1.8947175405799008,1.3891048986961092,-1.0865778217848479,0
0.5875060456635746,1.0351914086214817,-1.0760093076421011,-1.1894133891347805,1
